[{"model": "foodcartapp.restaurant", "pk": 1, "fields": {"name": "Star Burger Арбат", "address": "Москва, ул. Новый Арбат, 15", "contact_phone": "+7 (967) 157-44-13"}}, {"model": "foodcartapp.restaurant", "pk": 2, "fields": {"name": "Star Burger Цветной", "address": "Москва, Цветной бульвар, 11с2", "contact_phone": "+7 (929) 949-55-36"}}, {"model": "foodcartapp.restaurant", "pk": 3, "fields": {"name": "Star Burger Европейский", "address": "Москва, пл. Киевского Вокзала, 2", "contact_phone": "+7 (929) 680-47-58"}}, {"model": "foodcartapp.productcategory", "pk": 1, "fields": {"name": "Бургер"}}, {"model": "foodcartapp.productcategory", "pk": 2, "fields": {"name": "Ролл"}}, {"model": "foodcartapp.product", "pk": 1, "fields": {"name": "Стейкхаус", "category": 1, "price": "269.00", "image": "steak.jpg", "special_status": false, "description": "Стейкхаус – это сочетание нашей фирменной, приготовленной на огне 100% говядины с ломтиками бекона и соусом «Барбекю», майонезом, листьями свежего салата, помидором и хрустящим луком на воздушной було"}}, {"model": "foodcartapp.product", "pk": 2, "fields": {"name": "Лонг Чизбургер", "category": 1, "price": "219.00", "image": "long_chiz.jpg", "special_status": false, "description": "Лонг Чизбургер – эталон в коллекции чизбургеров! Два приготовленных на огне бифштекса с двумя ломтиками слегка расплавленного сыра, хрустящими огурчиками, рубленым луком, горчицей и кетчупом на длинно"}}, {"model": "foodcartapp.product", "pk": 3, "fields": {"name": "Тройной Воппер", "category": 1, "price": "369.00", "image": "triple_vopper.jpg", "special_status": false, "description": "ВОППЕР® — это вкуснейшая приготовленная на огне 100% говядина с сочными помидорами, свежим нарезанным листовым салатом, густым майонезом, хрустящими маринованными огурчиками и свежим луком на нежной б"}}, {"model": "foodcartapp.product", "pk": 4, "fields": {"name": "Беконайзер", "category": 1, "price": "319.00", "image": "beconizer.jpg", "special_status": false, "description": "Встречай самый внушительный бургер в коллекции Бургер Кинг. Много мяса, много бекона и много сыра - все, как ты любишь, и ничего лишнего!"}}, {"model": "foodcartapp.product", "pk": 5, "fields": {"name": "Фиш Ролл", "category": 2, "price": "199.00", "image": "fish_roll.jpg", "special_status": false, "description": "Наш новый ролл с аппетитной котлеткой из филе белой рыбы, с фирменным соусом, маринованными огурчиками и хрустящим салатом. Легкое рыбное удовольствие!"}}, {"model": "foodcartapp.product", "pk": 6, "fields": {"name": "Шримп Ролл", "category": 2, "price": "209.00", "image": "shrimp_roll.jpg", "special_status": false, "description": "Легкий ролл с нежными королевскими креветками в хрустящей панировке, свежий салат Айсберг и ломтик сыра в пшеничной лепешке под фирменным соусом «Кинг». Внимание! Блюдо содержит аллергены – морепродук"}}, {"model": "foodcartapp.restaurantmenuitem", "pk": 1, "fields": {"restaurant": 3, "product": 1, "availability": true}}, {"model": "foodcartapp.restaurantmenuitem", "pk": 2, "fields": {"restaurant": 3, "product": 2, "availability": true}}, {"model": "foodcartapp.restaurantmenuitem", "pk": 3, "fields": {"restaurant": 3, "product": 3, "availability": true}}, {"model": "foodcartapp.restaurantmenuitem", "pk": 4, "fields": {"restaurant": 3, "product": 4, "availability": true}}, {"model": "foodcartapp.restaurantmenuitem", "pk": 5, "fields": {"restaurant": 3, "product": 5, "availability": true}}, {"model": "foodcartapp.restaurantmenuitem", "pk": 6, "fields": {"restaurant": 3, "product": 6, "availability": true}}, {"model": "foodcartapp.restaurantmenuitem", "pk": 7, "fields": {"restaurant": 2, "product": 1, "availability": false}}, {"model": "foodcartapp.restaurantmenuitem", "pk": 8, "fields": {"restaurant": 2, "product": 2, "availability": true}}, {"model": "foodcartapp.restaurantmenuitem", "pk": 9, "fields": {"restaurant": 2, "product": 3, "availability": true}}, {"model": "foodcartapp.restaurantmenuitem", "pk": 10, "fields": {"restaurant": 2, "product": 4, "availability": true}}, {"model": "foodcartapp.restaurantmenuitem", "pk": 11, "fields": {"restaurant": 2, "product": 5, "availability": true}}, {"model": "foodcartapp.restaurantmenuitem", "pk": 12, "fields": {"restaurant": 2, "product": 6, "availability": true}}, {"model": "foodcartapp.restaurantmenuitem", "pk": 13, "fields": {"restaurant": 1, "product": 1, "availability": true}}, {"model": "foodcartapp.restaurantmenuitem", "pk": 14, "fields": {"restaurant": 1, "product": 2, "availability": true}}, {"model": "foodcartapp.restaurantmenuitem", "pk": 15, "fields": {"restaurant": 1, "product": 3, "availability": true}}, {"model": "foodcartapp.restaurantmenuitem", "pk": 16, "fields": {"restaurant": 1, "product": 4, "availability": true}}, {"model": "foodcartapp.restaurantmenuitem", "pk": 17, "fields": {"restaurant": 1, "product": 5, "availability": true}}, {"model": "foodcartapp.restaurantmenuitem", "pk": 18, "fields": {"restaurant": 1, "product": 6, "availability": true}}, {"model": "foodcartapp.order", "pk": 38, "fields": {"created_at": "2022-07-20T16:18:52Z", "called_at": "2022-07-20T16:47:08Z", "delivered_at": null, "status": "assembling", "payment_method": "cash", "address": "Москва", "name": "Алексей", "last_name": "Песоцкий", "phonenumber": "+79613858684", "comment": "Без помидоров!!", "cooking_restaurant": null}}, {"model": "foodcartapp.order", "pk": 39, "fields": {"created_at": "2022-07-20T16:18:52Z", "called_at": null, "delivered_at": null, "status": "created", "payment_method": "", "address": "Фывфывфыв", "name": "Алексей", "last_name": "Не", "phonenumber": "+79613858684", "comment": "", "cooking_restaurant": null}}, {"model": "foodcartapp.order", "pk": 47, "fields": {"created_at": "2022-07-20T16:18:52Z", "called_at": null, "delivered_at": null, "status": "created", "payment_method": "", "address": "Москва", "name": "Fadssa", "last_name": "adsasd", "phonenumber": "+79613858684", "comment": "", "cooking_restaurant": null}}, {"model": "foodcartapp.order", "pk": 48, "fields": {"created_at": "2022-07-20T16:18:52Z", "called_at": null, "delivered_at": null, "status": "created", "payment_method": "", "address": "Москва", "name": "Тест", "last_name": "Попкупко", "phonenumber": "+79613858685", "comment": "", "cooking_restaurant": null}}, {"model": "foodcartapp.order", "pk": 49, "fields": {"created_at": "2022-07-20T16:18:52.059Z", "called_at": null, "delivered_at": null, "status": "done", "payment_method": "", "address": "Cfvfhf", "name": "Михаил", "last_name": "Зубенко", "phonenumber": "+79613858684", "comment": "", "cooking_restaurant": null}}, {"model": "foodcartapp.order", "pk": 50, "fields": {"created_at": "2022-08-24T16:34:07.061Z", "called_at": null, "delivered_at": null, "status": "created", "payment_method": "", "address": "Зелибобская, 2888ввв", "name": "Алексей", "last_name": "Песоцкий", "phonenumber": "+79613858684", "comment": "", "cooking_restaurant": null}}, {"model": "foodcartapp.order", "pk": 51, "fields": {"created_at": "2022-08-24T16:40:13.613Z", "called_at": null, "delivered_at": null, "status": "created", "payment_method": "", "address": "Еще одна зелибобская", "name": "Алексей", "last_name": "Песоцкий", "phonenumber": "+79613858684", "comment": "", "cooking_restaurant": null}}, {"model": "foodcartapp.ordermenuitem", "pk": 23, "fields": {"order": 38, "product": 1, "quantity": 1, "price": "269.00"}}, {"model": "foodcartapp.ordermenuitem", "pk": 24, "fields": {"order": 38, "product": 2, "quantity": 1, "price": "219.00"}}, {"model": "foodcartapp.ordermenuitem", "pk": 25, "fields": {"order": 38, "product": 3, "quantity": 1, "price": "369.00"}}, {"model": "foodcartapp.ordermenuitem", "pk": 26, "fields": {"order": 39, "product": 2, "quantity": 3, "price": "219.00"}}, {"model": "foodcartapp.ordermenuitem", "pk": 27, "fields": {"order": 39, "product": 1, "quantity": 5, "price": "269.00"}}, {"model": "foodcartapp.ordermenuitem", "pk": 28, "fields": {"order": 47, "product": 2, "quantity": 1, "price": "219.00"}}, {"model": "foodcartapp.ordermenuitem", "pk": 29, "fields": {"order": 47, "product": 3, "quantity": 1, "price": "369.00"}}, {"model": "foodcartapp.ordermenuitem", "pk": 30, "fields": {"order": 48, "product": 1, "quantity": 5, "price": "269.00"}}, {"model": "foodcartapp.ordermenuitem", "pk": 31, "fields": {"order": 48, "product": 3, "quantity": 2, "price": "369.00"}}, {"model": "foodcartapp.ordermenuitem", "pk": 32, "fields": {"order": 49, "product": 1, "quantity": 1, "price": "269.00"}}, {"model": "foodcartapp.ordermenuitem", "pk": 33, "fields": {"order": 50, "product": 2, "quantity": 3, "price": "219.00"}}, {"model": "foodcartapp.ordermenuitem", "pk": 34, "fields": {"order": 50, "product": 3, "quantity": 1, "price": "369.00"}}, {"model": "foodcartapp.ordermenuitem", "pk": 35, "fields": {"order": 51, "product": 2, "quantity": 4, "price": "219.00"}}, {"model": "locations.location", "pk": 1, "fields": {"address": "Москва", "lat": 55.755864, "lon": 37.617698, "date": "2022-08-03"}}, {"model": "locations.location", "pk": 2, "fields": {"address": "Москва, пл. Киевского Вокзала, 2", "lat": 55.744637, "lon": 37.566072, "date": "2022-08-03"}}, {"model": "locations.location", "pk": 3, "fields": {"address": "Москва, Цветной бульвар, 11с2", "lat": 55.770076, "lon": 37.620429, "date": "2022-08-03"}}, {"model": "locations.location", "pk": 4, "fields": {"address": "Москва, ул. Новый Арбат, 15", "lat": 55.752141, "lon": 37.59242, "date": "2022-08-03"}}, {"model": "locations.location", "pk": 5, "fields": {"address": "Фывфывфыв", "lat": null, "lon": null, "date": "2022-08-24"}}, {"model": "locations.location", "pk": 6, "fields": {"address": "Зелибобская, 2888ввв", "lat": 47.26468, "lon": 37.772352, "date": "2022-08-24"}}, {"model": "locations.location", "pk": 7, "fields": {"address": "Еще одна зелибобская", "lat": null, "lon": null, "date": "2022-08-24"}}, {"model": "admin.logentry", "pk": 1, "fields": {"action_time": "2022-07-01T10:28:22.063Z", "user": 1, "content_type": 2, "object_id": "1", "object_repr": "Star Burger Арбат", "action_flag": 1, "change_message": "[{\"added\": {}}]"}}, {"model": "admin.logentry", "pk": 2, "fields": {"action_time": "2022-07-01T10:28:37.429Z", "user": 1, "content_type": 2, "object_id": "2", "object_repr": "Star Burger Цветной", "action_flag": 1, "change_message": "[{\"added\": {}}]"}}, {"model": "admin.logentry", "pk": 3, "fields": {"action_time": "2022-07-01T10:28:53.206Z", "user": 1, "content_type": 2, "object_id": "3", "object_repr": "Star Burger Европейский", "action_flag": 1, "change_message": "[{\"added\": {}}]"}}, {"model": "admin.logentry", "pk": 4, "fields": {"action_time": "2022-07-01T10:30:43.573Z", "user": 1, "content_type": 4, "object_id": "1", "object_repr": "Бургер", "action_flag": 1, "change_message": "[{\"added\": {}}]"}}, {"model": "admin.logentry", "pk": 5, "fields": {"action_time": "2022-07-01T10:31:29.497Z", "user": 1, "content_type": 1, "object_id": "1", "object_repr": "Стейкхаус", "action_flag": 1, "change_message": "[{\"added\": {}}]"}}, {"model": "admin.logentry", "pk": 6, "fields": {"action_time": "2022-07-01T10:32:01.959Z", "user": 1, "content_type": 1, "object_id": "2", "object_repr": "Лонг Чизбургер", "action_flag": 1, "change_message": "[{\"added\": {}}]"}}, {"model": "admin.logentry", "pk": 7, "fields": {"action_time": "2022-07-01T10:32:36.453Z", "user": 1, "content_type": 1, "object_id": "3", "object_repr": "Тройной Воппер", "action_flag": 1, "change_message": "[{\"added\": {}}]"}}, {"model": "admin.logentry", "pk": 8, "fields": {"action_time": "2022-07-01T10:32:57.895Z", "user": 1, "content_type": 1, "object_id": "4", "object_repr": "Беконайзер", "action_flag": 1, "change_message": "[{\"added\": {}}]"}}, {"model": "admin.logentry", "pk": 9, "fields": {"action_time": "2022-07-01T10:33:06.854Z", "user": 1, "content_type": 4, "object_id": "2", "object_repr": "Ролл", "action_flag": 1, "change_message": "[{\"added\": {}}]"}}, {"model": "admin.logentry", "pk": 10, "fields": {"action_time": "2022-07-01T10:33:24.308Z", "user": 1, "content_type": 1, "object_id": "5", "object_repr": "Фиш Ролл", "action_flag": 1, "change_message": "[{\"added\": {}}]"}}, {"model": "admin.logentry", "pk": 11, "fields": {"action_time": "2022-07-01T10:33:50.659Z", "user": 1, "content_type": 1, "object_id": "6", "object_repr": "Шримп Ролл", "action_flag": 1, "change_message": "[{\"added\": {}}]"}}, {"model": "admin.logentry", "pk": 12, "fields": {"action_time": "2022-07-01T10:34:32.162Z", "user": 1, "content_type": 2, "object_id": "3", "object_repr": "Star Burger Европейский", "action_flag": 2, "change_message": "[{\"added\": {\"name\": \"\\u043f\\u0443\\u043d\\u043a\\u0442 \\u043c\\u0435\\u043d\\u044e \\u0440\\u0435\\u0441\\u0442\\u043e\\u0440\\u0430\\u043d\\u0430\", \"object\": \"Star Burger \\u0415\\u0432\\u0440\\u043e\\u043f\\u0435\\u0439\\u0441\\u043a\\u0438\\u0439 - \\u0421\\u0442\\u0435\\u0439\\u043a\\u0445\\u0430\\u0443\\u0441\"}}, {\"added\": {\"name\": \"\\u043f\\u0443\\u043d\\u043a\\u0442 \\u043c\\u0435\\u043d\\u044e \\u0440\\u0435\\u0441\\u0442\\u043e\\u0440\\u0430\\u043d\\u0430\", \"object\": \"Star Burger \\u0415\\u0432\\u0440\\u043e\\u043f\\u0435\\u0439\\u0441\\u043a\\u0438\\u0439 - \\u041b\\u043e\\u043d\\u0433 \\u0427\\u0438\\u0437\\u0431\\u0443\\u0440\\u0433\\u0435\\u0440\"}}, {\"added\": {\"name\": \"\\u043f\\u0443\\u043d\\u043a\\u0442 \\u043c\\u0435\\u043d\\u044e \\u0440\\u0435\\u0441\\u0442\\u043e\\u0440\\u0430\\u043d\\u0430\", \"object\": \"Star Burger \\u0415\\u0432\\u0440\\u043e\\u043f\\u0435\\u0439\\u0441\\u043a\\u0438\\u0439 - \\u0422\\u0440\\u043e\\u0439\\u043d\\u043e\\u0439 \\u0412\\u043e\\u043f\\u043f\\u0435\\u0440\"}}, {\"added\": {\"name\": \"\\u043f\\u0443\\u043d\\u043a\\u0442 \\u043c\\u0435\\u043d\\u044e \\u0440\\u0435\\u0441\\u0442\\u043e\\u0440\\u0430\\u043d\\u0430\", \"object\": \"Star Burger \\u0415\\u0432\\u0440\\u043e\\u043f\\u0435\\u0439\\u0441\\u043a\\u0438\\u0439 - \\u0411\\u0435\\u043a\\u043e\\u043d\\u0430\\u0439\\u0437\\u0435\\u0440\"}}, {\"added\": {\"name\": \"\\u043f\\u0443\\u043d\\u043a\\u0442 \\u043c\\u0435\\u043d\\u044e \\u0440\\u0435\\u0441\\u0442\\u043e\\u0440\\u0430\\u043d\\u0430\", \"object\": \"Star Burger \\u0415\\u0432\\u0440\\u043e\\u043f\\u0435\\u0439\\u0441\\u043a\\u0438\\u0439 - \\u0424\\u0438\\u0448 \\u0420\\u043e\\u043b\\u043b\"}}, {\"added\": {\"name\": \"\\u043f\\u0443\\u043d\\u043a\\u0442 \\u043c\\u0435\\u043d\\u044e \\u0440\\u0435\\u0441\\u0442\\u043e\\u0440\\u0430\\u043d\\u0430\", \"object\": \"Star Burger \\u0415\\u0432\\u0440\\u043e\\u043f\\u0435\\u0439\\u0441\\u043a\\u0438\\u0439 - \\u0428\\u0440\\u0438\\u043c\\u043f \\u0420\\u043e\\u043b\\u043b\"}}]"}}, {"model": "admin.logentry", "pk": 13, "fields": {"action_time": "2022-07-01T10:34:40.377Z", "user": 1, "content_type": 2, "object_id": "3", "object_repr": "Star Burger Европейский", "action_flag": 2, "change_message": "[]"}}, {"model": "admin.logentry", "pk": 14, "fields": {"action_time": "2022-07-01T10:34:55.563Z", "user": 1, "content_type": 2, "object_id": "2", "object_repr": "Star Burger Цветной", "action_flag": 2, "change_message": "[{\"added\": {\"name\": \"\\u043f\\u0443\\u043d\\u043a\\u0442 \\u043c\\u0435\\u043d\\u044e \\u0440\\u0435\\u0441\\u0442\\u043e\\u0440\\u0430\\u043d\\u0430\", \"object\": \"Star Burger \\u0426\\u0432\\u0435\\u0442\\u043d\\u043e\\u0439 - \\u0421\\u0442\\u0435\\u0439\\u043a\\u0445\\u0430\\u0443\\u0441\"}}, {\"added\": {\"name\": \"\\u043f\\u0443\\u043d\\u043a\\u0442 \\u043c\\u0435\\u043d\\u044e \\u0440\\u0435\\u0441\\u0442\\u043e\\u0440\\u0430\\u043d\\u0430\", \"object\": \"Star Burger \\u0426\\u0432\\u0435\\u0442\\u043d\\u043e\\u0439 - \\u041b\\u043e\\u043d\\u0433 \\u0427\\u0438\\u0437\\u0431\\u0443\\u0440\\u0433\\u0435\\u0440\"}}, {\"added\": {\"name\": \"\\u043f\\u0443\\u043d\\u043a\\u0442 \\u043c\\u0435\\u043d\\u044e \\u0440\\u0435\\u0441\\u0442\\u043e\\u0440\\u0430\\u043d\\u0430\", \"object\": \"Star Burger \\u0426\\u0432\\u0435\\u0442\\u043d\\u043e\\u0439 - \\u0422\\u0440\\u043e\\u0439\\u043d\\u043e\\u0439 \\u0412\\u043e\\u043f\\u043f\\u0435\\u0440\"}}, {\"added\": {\"name\": \"\\u043f\\u0443\\u043d\\u043a\\u0442 \\u043c\\u0435\\u043d\\u044e \\u0440\\u0435\\u0441\\u0442\\u043e\\u0440\\u0430\\u043d\\u0430\", \"object\": \"Star Burger \\u0426\\u0432\\u0435\\u0442\\u043d\\u043e\\u0439 - \\u0411\\u0435\\u043a\\u043e\\u043d\\u0430\\u0439\\u0437\\u0435\\u0440\"}}, {\"added\": {\"name\": \"\\u043f\\u0443\\u043d\\u043a\\u0442 \\u043c\\u0435\\u043d\\u044e \\u0440\\u0435\\u0441\\u0442\\u043e\\u0440\\u0430\\u043d\\u0430\", \"object\": \"Star Burger \\u0426\\u0432\\u0435\\u0442\\u043d\\u043e\\u0439 - \\u0424\\u0438\\u0448 \\u0420\\u043e\\u043b\\u043b\"}}, {\"added\": {\"name\": \"\\u043f\\u0443\\u043d\\u043a\\u0442 \\u043c\\u0435\\u043d\\u044e \\u0440\\u0435\\u0441\\u0442\\u043e\\u0440\\u0430\\u043d\\u0430\", \"object\": \"Star Burger \\u0426\\u0432\\u0435\\u0442\\u043d\\u043e\\u0439 - \\u0428\\u0440\\u0438\\u043c\\u043f \\u0420\\u043e\\u043b\\u043b\"}}]"}}, {"model": "admin.logentry", "pk": 15, "fields": {"action_time": "2022-07-01T10:35:12.937Z", "user": 1, "content_type": 2, "object_id": "1", "object_repr": "Star Burger Арбат", "action_flag": 2, "change_message": "[{\"added\": {\"name\": \"\\u043f\\u0443\\u043d\\u043a\\u0442 \\u043c\\u0435\\u043d\\u044e \\u0440\\u0435\\u0441\\u0442\\u043e\\u0440\\u0430\\u043d\\u0430\", \"object\": \"Star Burger \\u0410\\u0440\\u0431\\u0430\\u0442 - \\u0421\\u0442\\u0435\\u0439\\u043a\\u0445\\u0430\\u0443\\u0441\"}}, {\"added\": {\"name\": \"\\u043f\\u0443\\u043d\\u043a\\u0442 \\u043c\\u0435\\u043d\\u044e \\u0440\\u0435\\u0441\\u0442\\u043e\\u0440\\u0430\\u043d\\u0430\", \"object\": \"Star Burger \\u0410\\u0440\\u0431\\u0430\\u0442 - \\u041b\\u043e\\u043d\\u0433 \\u0427\\u0438\\u0437\\u0431\\u0443\\u0440\\u0433\\u0435\\u0440\"}}, {\"added\": {\"name\": \"\\u043f\\u0443\\u043d\\u043a\\u0442 \\u043c\\u0435\\u043d\\u044e \\u0440\\u0435\\u0441\\u0442\\u043e\\u0440\\u0430\\u043d\\u0430\", \"object\": \"Star Burger \\u0410\\u0440\\u0431\\u0430\\u0442 - \\u0422\\u0440\\u043e\\u0439\\u043d\\u043e\\u0439 \\u0412\\u043e\\u043f\\u043f\\u0435\\u0440\"}}, {\"added\": {\"name\": \"\\u043f\\u0443\\u043d\\u043a\\u0442 \\u043c\\u0435\\u043d\\u044e \\u0440\\u0435\\u0441\\u0442\\u043e\\u0440\\u0430\\u043d\\u0430\", \"object\": \"Star Burger \\u0410\\u0440\\u0431\\u0430\\u0442 - \\u0411\\u0435\\u043a\\u043e\\u043d\\u0430\\u0439\\u0437\\u0435\\u0440\"}}, {\"added\": {\"name\": \"\\u043f\\u0443\\u043d\\u043a\\u0442 \\u043c\\u0435\\u043d\\u044e \\u0440\\u0435\\u0441\\u0442\\u043e\\u0440\\u0430\\u043d\\u0430\", \"object\": \"Star Burger \\u0410\\u0440\\u0431\\u0430\\u0442 - \\u0424\\u0438\\u0448 \\u0420\\u043e\\u043b\\u043b\"}}, {\"added\": {\"name\": \"\\u043f\\u0443\\u043d\\u043a\\u0442 \\u043c\\u0435\\u043d\\u044e \\u0440\\u0435\\u0441\\u0442\\u043e\\u0440\\u0430\\u043d\\u0430\", \"object\": \"Star Burger \\u0410\\u0440\\u0431\\u0430\\u0442 - \\u0428\\u0440\\u0438\\u043c\\u043f \\u0420\\u043e\\u043b\\u043b\"}}]"}}, {"model": "admin.logentry", "pk": 16, "fields": {"action_time": "2022-07-07T11:41:04.586Z", "user": 1, "content_type": 5, "object_id": "1", "object_repr": "Алексей Песоцкий Самара, Колотушкина, 2", "action_flag": 3, "change_message": ""}}, {"model": "admin.logentry", "pk": 17, "fields": {"action_time": "2022-07-07T11:44:30.763Z", "user": 1, "content_type": 5, "object_id": "4", "object_repr": "Алексей Песоцкий Самара", "action_flag": 3, "change_message": ""}}, {"model": "admin.logentry", "pk": 18, "fields": {"action_time": "2022-07-07T11:44:30.782Z", "user": 1, "content_type": 5, "object_id": "3", "object_repr": "Алексей Песоцкий Самара", "action_flag": 3, "change_message": ""}}, {"model": "admin.logentry", "pk": 19, "fields": {"action_time": "2022-07-07T11:44:30.803Z", "user": 1, "content_type": 5, "object_id": "2", "object_repr": "Алексей Песоцкий Самара, Колотушкина, 2", "action_flag": 3, "change_message": ""}}, {"model": "admin.logentry", "pk": 20, "fields": {"action_time": "2022-07-07T12:28:50.780Z", "user": 1, "content_type": 5, "object_id": "7", "object_repr": "Алексей Иванов Самара", "action_flag": 3, "change_message": ""}}, {"model": "admin.logentry", "pk": 21, "fields": {"action_time": "2022-07-18T13:04:17.454Z", "user": 1, "content_type": 5, "object_id": "34", "object_repr": "  Самара", "action_flag": 1, "change_message": "[{\"added\": {}}]"}}, {"model": "admin.logentry", "pk": 22, "fields": {"action_time": "2022-07-18T13:28:23.696Z", "user": 1, "content_type": 5, "object_id": "37", "object_repr": "фвыфыв фывфвыфвы Самара", "action_flag": 3, "change_message": ""}}, {"model": "admin.logentry", "pk": 23, "fields": {"action_time": "2022-07-18T13:28:23.715Z", "user": 1, "content_type": 5, "object_id": "36", "object_repr": "фвыфыв фывфвыфвы Самара", "action_flag": 3, "change_message": ""}}, {"model": "admin.logentry", "pk": 24, "fields": {"action_time": "2022-07-18T13:28:23.731Z", "user": 1, "content_type": 5, "object_id": "35", "object_repr": "Алексе Пеосцкий Самара", "action_flag": 3, "change_message": ""}}, {"model": "admin.logentry", "pk": 25, "fields": {"action_time": "2022-07-18T13:28:23.751Z", "user": 1, "content_type": 5, "object_id": "34", "object_repr": "  Самара", "action_flag": 3, "change_message": ""}}, {"model": "admin.logentry", "pk": 26, "fields": {"action_time": "2022-07-18T13:28:23.766Z", "user": 1, "content_type": 5, "object_id": "33", "object_repr": "Алексей Песоцкий Самара", "action_flag": 3, "change_message": ""}}, {"model": "admin.logentry", "pk": 27, "fields": {"action_time": "2022-07-18T13:28:23.783Z", "user": 1, "content_type": 5, "object_id": "32", "object_repr": "Алексей Песоцкий Самара", "action_flag": 3, "change_message": ""}}, {"model": "admin.logentry", "pk": 28, "fields": {"action_time": "2022-07-18T13:28:23.799Z", "user": 1, "content_type": 5, "object_id": "31", "object_repr": "Алексей Песоцкий Самара", "action_flag": 3, "change_message": ""}}, {"model": "admin.logentry", "pk": 29, "fields": {"action_time": "2022-07-18T13:28:23.817Z", "user": 1, "content_type": 5, "object_id": "30", "object_repr": "Иван Петров Москва", "action_flag": 3, "change_message": ""}}, {"model": "admin.logentry", "pk": 30, "fields": {"action_time": "2022-07-18T13:28:23.834Z", "user": 1, "content_type": 5, "object_id": "29", "object_repr": "Иван Петров Москва", "action_flag": 3, "change_message": ""}}, {"model": "admin.logentry", "pk": 31, "fields": {"action_time": "2022-07-18T13:28:23.850Z", "user": 1, "content_type": 5, "object_id": "28", "object_repr": "Иван Петров Москва", "action_flag": 3, "change_message": ""}}, {"model": "admin.logentry", "pk": 32, "fields": {"action_time": "2022-07-18T13:28:23.867Z", "user": 1, "content_type": 5, "object_id": "27", "object_repr": "Иван Петров Москва", "action_flag": 3, "change_message": ""}}, {"model": "admin.logentry", "pk": 33, "fields": {"action_time": "2022-07-18T13:28:23.884Z", "user": 1, "content_type": 5, "object_id": "26", "object_repr": "Иван Петров Москва", "action_flag": 3, "change_message": ""}}, {"model": "admin.logentry", "pk": 34, "fields": {"action_time": "2022-07-18T13:28:23.900Z", "user": 1, "content_type": 5, "object_id": "25", "object_repr": "Иван Петров Москва", "action_flag": 3, "change_message": ""}}, {"model": "admin.logentry", "pk": 35, "fields": {"action_time": "2022-07-18T13:28:23.917Z", "user": 1, "content_type": 5, "object_id": "24", "object_repr": "Иван Петров Москва", "action_flag": 3, "change_message": ""}}, {"model": "admin.logentry", "pk": 36, "fields": {"action_time": "2022-07-18T13:28:23.933Z", "user": 1, "content_type": 5, "object_id": "23", "object_repr": "Иван Петров Москва", "action_flag": 3, "change_message": ""}}, {"model": "admin.logentry", "pk": 37, "fields": {"action_time": "2022-07-18T13:28:23.948Z", "user": 1, "content_type": 5, "object_id": "22", "object_repr": "Иван Петров Москва", "action_flag": 3, "change_message": ""}}, {"model": "admin.logentry", "pk": 38, "fields": {"action_time": "2022-07-18T13:28:23.964Z", "user": 1, "content_type": 5, "object_id": "21", "object_repr": "Иван Петров Москва", "action_flag": 3, "change_message": ""}}, {"model": "admin.logentry", "pk": 39, "fields": {"action_time": "2022-07-18T13:28:23.981Z", "user": 1, "content_type": 5, "object_id": "20", "object_repr": "Иван Петров Москва", "action_flag": 3, "change_message": ""}}, {"model": "admin.logentry", "pk": 40, "fields": {"action_time": "2022-07-18T13:28:23.997Z", "user": 1, "content_type": 5, "object_id": "19", "object_repr": "Иван Петров Москва", "action_flag": 3, "change_message": ""}}, {"model": "admin.logentry", "pk": 41, "fields": {"action_time": "2022-07-18T13:28:24.014Z", "user": 1, "content_type": 5, "object_id": "18", "object_repr": "Иван Петров Москва", "action_flag": 3, "change_message": ""}}, {"model": "admin.logentry", "pk": 42, "fields": {"action_time": "2022-07-18T13:28:24.030Z", "user": 1, "content_type": 5, "object_id": "17", "object_repr": "Иван Петров Москва", "action_flag": 3, "change_message": ""}}, {"model": "admin.logentry", "pk": 43, "fields": {"action_time": "2022-07-18T13:28:24.055Z", "user": 1, "content_type": 5, "object_id": "16", "object_repr": "Иван Петров Москва", "action_flag": 3, "change_message": ""}}, {"model": "admin.logentry", "pk": 44, "fields": {"action_time": "2022-07-18T13:28:24.081Z", "user": 1, "content_type": 5, "object_id": "15", "object_repr": "Иван Петров Москва", "action_flag": 3, "change_message": ""}}, {"model": "admin.logentry", "pk": 45, "fields": {"action_time": "2022-07-18T13:28:24.110Z", "user": 1, "content_type": 5, "object_id": "14", "object_repr": "Иван Петров Москва", "action_flag": 3, "change_message": ""}}, {"model": "admin.logentry", "pk": 46, "fields": {"action_time": "2022-07-18T13:28:24.138Z", "user": 1, "content_type": 5, "object_id": "13", "object_repr": "Иван Петров Москва", "action_flag": 3, "change_message": ""}}, {"model": "admin.logentry", "pk": 47, "fields": {"action_time": "2022-07-18T13:28:24.231Z", "user": 1, "content_type": 5, "object_id": "12", "object_repr": "Иван Петров Москва", "action_flag": 3, "change_message": ""}}, {"model": "admin.logentry", "pk": 48, "fields": {"action_time": "2022-07-18T13:28:24.247Z", "user": 1, "content_type": 5, "object_id": "11", "object_repr": "Алексей Иванов Самара", "action_flag": 3, "change_message": ""}}, {"model": "admin.logentry", "pk": 49, "fields": {"action_time": "2022-07-18T13:28:24.268Z", "user": 1, "content_type": 5, "object_id": "10", "object_repr": "Алексей Иванов Самара", "action_flag": 3, "change_message": ""}}, {"model": "admin.logentry", "pk": 50, "fields": {"action_time": "2022-07-18T13:28:24.287Z", "user": 1, "content_type": 5, "object_id": "9", "object_repr": "Алексей Иванов Самара", "action_flag": 3, "change_message": ""}}, {"model": "admin.logentry", "pk": 51, "fields": {"action_time": "2022-07-18T13:28:24.305Z", "user": 1, "content_type": 5, "object_id": "8", "object_repr": "Алексей Иванов Самара", "action_flag": 3, "change_message": ""}}, {"model": "admin.logentry", "pk": 52, "fields": {"action_time": "2022-07-18T13:28:24.323Z", "user": 1, "content_type": 5, "object_id": "6", "object_repr": "Алексей Песоцкий Самара, Матросова, 163", "action_flag": 3, "change_message": ""}}, {"model": "admin.logentry", "pk": 53, "fields": {"action_time": "2022-07-18T13:28:24.340Z", "user": 1, "content_type": 5, "object_id": "5", "object_repr": "Алексей Песоцкий Самара", "action_flag": 3, "change_message": ""}}, {"model": "admin.logentry", "pk": 54, "fields": {"action_time": "2022-07-18T14:32:16.445Z", "user": 1, "content_type": 5, "object_id": "46", "object_repr": "Fadssa adsasd Самара", "action_flag": 3, "change_message": ""}}, {"model": "admin.logentry", "pk": 55, "fields": {"action_time": "2022-07-18T14:32:16.475Z", "user": 1, "content_type": 5, "object_id": "45", "object_repr": "Fadssa adsasd Самара", "action_flag": 3, "change_message": ""}}, {"model": "admin.logentry", "pk": 56, "fields": {"action_time": "2022-07-18T14:32:16.492Z", "user": 1, "content_type": 5, "object_id": "44", "object_repr": "Fadssa adsasd Самара", "action_flag": 3, "change_message": ""}}, {"model": "admin.logentry", "pk": 57, "fields": {"action_time": "2022-07-18T14:32:16.508Z", "user": 1, "content_type": 5, "object_id": "43", "object_repr": "Fadssa adsasd Самара", "action_flag": 3, "change_message": ""}}, {"model": "admin.logentry", "pk": 58, "fields": {"action_time": "2022-07-18T14:32:16.527Z", "user": 1, "content_type": 5, "object_id": "42", "object_repr": "Fadssa adsasd Самара", "action_flag": 3, "change_message": ""}}, {"model": "admin.logentry", "pk": 59, "fields": {"action_time": "2022-07-18T14:32:16.544Z", "user": 1, "content_type": 5, "object_id": "41", "object_repr": "Fadssa adsasd Самара", "action_flag": 3, "change_message": ""}}, {"model": "admin.logentry", "pk": 60, "fields": {"action_time": "2022-07-18T14:32:16.561Z", "user": 1, "content_type": 5, "object_id": "40", "object_repr": "Fadssa adsasd Самара", "action_flag": 3, "change_message": ""}}, {"model": "admin.logentry", "pk": 61, "fields": {"action_time": "2022-07-18T15:25:36.681Z", "user": 1, "content_type": 5, "object_id": "49", "object_repr": "  Cfvfhf", "action_flag": 1, "change_message": "[{\"added\": {}}, {\"added\": {\"name\": \"\\u0442\\u043e\\u0432\\u0430\\u0440 \\u0432 \\u0437\\u0430\\u043a\\u0430\\u0437\\u0435\", \"object\": \"\\u0421\\u0442\\u0435\\u0439\\u043a\\u0445\\u0430\\u0443\\u0441   Cfvfhf\"}}]"}}, {"model": "admin.logentry", "pk": 62, "fields": {"action_time": "2022-07-18T15:57:23.984Z", "user": 1, "content_type": 5, "object_id": "49", "object_repr": "Михаил Зубенко Cfvfhf", "action_flag": 2, "change_message": "[{\"changed\": {\"fields\": [\"\\u0418\\u043c\\u044f\", \"\\u0424\\u0430\\u043c\\u0438\\u043b\\u0438\\u044f\"]}}]"}}, {"model": "admin.logentry", "pk": 63, "fields": {"action_time": "2022-07-18T15:57:36.497Z", "user": 1, "content_type": 5, "object_id": "49", "object_repr": "Михаил Зубенко Cfvfhf", "action_flag": 2, "change_message": "[]"}}, {"model": "admin.logentry", "pk": 64, "fields": {"action_time": "2022-07-18T15:57:46.307Z", "user": 1, "content_type": 5, "object_id": "48", "object_repr": "Тест Попкупко Самра", "action_flag": 2, "change_message": "[]"}}, {"model": "admin.logentry", "pk": 65, "fields": {"action_time": "2022-07-20T16:06:16.568Z", "user": 1, "content_type": 5, "object_id": "49", "object_repr": "Михаил Зубенко Cfvfhf", "action_flag": 2, "change_message": "[{\"changed\": {\"fields\": [\"\\u0421\\u0442\\u0430\\u0442\\u0443\\u0441\"]}}]"}}, {"model": "admin.logentry", "pk": 66, "fields": {"action_time": "2022-07-20T16:10:11.046Z", "user": 1, "content_type": 5, "object_id": "38", "object_repr": "Алексей Песоцкий Самара", "action_flag": 2, "change_message": "[{\"changed\": {\"fields\": [\"\\u041a\\u043e\\u043c\\u043c\\u0435\\u043d\\u0442\\u0430\\u0440\\u0438\\u0439 \\u043a \\u0437\\u0430\\u043a\\u0430\\u0437\\u0443\"]}}]"}}, {"model": "admin.logentry", "pk": 67, "fields": {"action_time": "2022-07-20T16:47:19.010Z", "user": 1, "content_type": 5, "object_id": "38", "object_repr": "Алексей Песоцкий Самара", "action_flag": 2, "change_message": "[{\"changed\": {\"fields\": [\"\\u0423\\u0442\\u043e\\u0447\\u043d\\u0435\\u043d \\u0432\", \"\\u0421\\u0442\\u0430\\u0442\\u0443\\u0441\", \"\\u0421\\u043f\\u043e\\u0441\\u043e\\u0431 \\u043e\\u043f\\u043b\\u0430\\u0442\\u044b\"]}}]"}}, {"model": "admin.logentry", "pk": 68, "fields": {"action_time": "2022-07-22T09:31:18.785Z", "user": 1, "content_type": 2, "object_id": "2", "object_repr": "Star Burger Цветной", "action_flag": 2, "change_message": "[{\"changed\": {\"name\": \"\\u043f\\u0443\\u043d\\u043a\\u0442 \\u043c\\u0435\\u043d\\u044e \\u0440\\u0435\\u0441\\u0442\\u043e\\u0440\\u0430\\u043d\\u0430\", \"object\": \"Star Burger \\u0426\\u0432\\u0435\\u0442\\u043d\\u043e\\u0439 - \\u0421\\u0442\\u0435\\u0439\\u043a\\u0445\\u0430\\u0443\\u0441\", \"fields\": [\"\\u0412 \\u043f\\u0440\\u043e\\u0434\\u0430\\u0436\\u0435\"]}}]"}}, {"model": "admin.logentry", "pk": 69, "fields": {"action_time": "2022-07-22T10:03:44.619Z", "user": 1, "content_type": 5, "object_id": "38", "object_repr": "Алексей Песоцкий Самара", "action_flag": 2, "change_message": "[{\"changed\": {\"fields\": [\"\\u0420\\u0435\\u0441\\u0442\\u043e\\u0440\\u0430\\u043d\"]}}]"}}, {"model": "admin.logentry", "pk": 70, "fields": {"action_time": "2022-08-03T15:22:13.489Z", "user": 1, "content_type": 5, "object_id": "48", "object_repr": "Тест Попкупко Москва", "action_flag": 2, "change_message": "[{\"changed\": {\"fields\": [\"\\u0410\\u0434\\u0440\\u0435\\u0441\"]}}]"}}, {"model": "admin.logentry", "pk": 71, "fields": {"action_time": "2022-08-03T15:33:18.266Z", "user": 1, "content_type": 5, "object_id": "39", "object_repr": "Алексей Не Москва", "action_flag": 2, "change_message": "[{\"changed\": {\"fields\": [\"\\u0410\\u0434\\u0440\\u0435\\u0441\"]}}]"}}, {"model": "admin.logentry", "pk": 72, "fields": {"action_time": "2022-08-03T15:33:39.420Z", "user": 1, "content_type": 5, "object_id": "47", "object_repr": "Fadssa adsasd Москва", "action_flag": 2, "change_message": "[{\"changed\": {\"fields\": [\"\\u0410\\u0434\\u0440\\u0435\\u0441\"]}}]"}}, {"model": "admin.logentry", "pk": 73, "fields": {"action_time": "2022-08-03T15:33:58.108Z", "user": 1, "content_type": 5, "object_id": "38", "object_repr": "Алексей Песоцкий Москва", "action_flag": 2, "change_message": "[{\"changed\": {\"fields\": [\"\\u0410\\u0434\\u0440\\u0435\\u0441\"]}}]"}}, {"model": "admin.logentry", "pk": 74, "fields": {"action_time": "2022-08-03T15:36:59.896Z", "user": 1, "content_type": 5, "object_id": "39", "object_repr": "Алексей Не Самара", "action_flag": 2, "change_message": "[{\"changed\": {\"fields\": [\"\\u0410\\u0434\\u0440\\u0435\\u0441\"]}}]"}}, {"model": "admin.logentry", "pk": 75, "fields": {"action_time": "2022-08-03T16:36:26.277Z", "user": 1, "content_type": 5, "object_id": "39", "object_repr": "Алексей Не Фывфывфыв", "action_flag": 2, "change_message": "[{\"changed\": {\"fields\": [\"\\u0410\\u0434\\u0440\\u0435\\u0441\"]}}]"}}, {"model": "auth.permission", "pk": 1, "fields": {"name": "Can add товар", "content_type": 1, "codename": "add_product"}}, {"model": "auth.permission", "pk": 2, "fields": {"name": "Can change товар", "content_type": 1, "codename": "change_product"}}, {"model": "auth.permission", "pk": 3, "fields": {"name": "Can delete товар", "content_type": 1, "codename": "delete_product"}}, {"model": "auth.permission", "pk": 4, "fields": {"name": "Can view товар", "content_type": 1, "codename": "view_product"}}, {"model": "auth.permission", "pk": 5, "fields": {"name": "Can add ресторан", "content_type": 2, "codename": "add_restaurant"}}, {"model": "auth.permission", "pk": 6, "fields": {"name": "Can change ресторан", "content_type": 2, "codename": "change_restaurant"}}, {"model": "auth.permission", "pk": 7, "fields": {"name": "Can delete ресторан", "content_type": 2, "codename": "delete_restaurant"}}, {"model": "auth.permission", "pk": 8, "fields": {"name": "Can view ресторан", "content_type": 2, "codename": "view_restaurant"}}, {"model": "auth.permission", "pk": 9, "fields": {"name": "Can add пункт меню ресторана", "content_type": 3, "codename": "add_restaurantmenuitem"}}, {"model": "auth.permission", "pk": 10, "fields": {"name": "Can change пункт меню ресторана", "content_type": 3, "codename": "change_restaurantmenuitem"}}, {"model": "auth.permission", "pk": 11, "fields": {"name": "Can delete пункт меню ресторана", "content_type": 3, "codename": "delete_restaurantmenuitem"}}, {"model": "auth.permission", "pk": 12, "fields": {"name": "Can view пункт меню ресторана", "content_type": 3, "codename": "view_restaurantmenuitem"}}, {"model": "auth.permission", "pk": 13, "fields": {"name": "Can add категория", "content_type": 4, "codename": "add_productcategory"}}, {"model": "auth.permission", "pk": 14, "fields": {"name": "Can change категория", "content_type": 4, "codename": "change_productcategory"}}, {"model": "auth.permission", "pk": 15, "fields": {"name": "Can delete категория", "content_type": 4, "codename": "delete_productcategory"}}, {"model": "auth.permission", "pk": 16, "fields": {"name": "Can view категория", "content_type": 4, "codename": "view_productcategory"}}, {"model": "auth.permission", "pk": 17, "fields": {"name": "Can add заказ", "content_type": 5, "codename": "add_order"}}, {"model": "auth.permission", "pk": 18, "fields": {"name": "Can change заказ", "content_type": 5, "codename": "change_order"}}, {"model": "auth.permission", "pk": 19, "fields": {"name": "Can delete заказ", "content_type": 5, "codename": "delete_order"}}, {"model": "auth.permission", "pk": 20, "fields": {"name": "Can view заказ", "content_type": 5, "codename": "view_order"}}, {"model": "auth.permission", "pk": 21, "fields": {"name": "Can add товар в заказе", "content_type": 6, "codename": "add_ordermenuitem"}}, {"model": "auth.permission", "pk": 22, "fields": {"name": "Can change товар в заказе", "content_type": 6, "codename": "change_ordermenuitem"}}, {"model": "auth.permission", "pk": 23, "fields": {"name": "Can delete товар в заказе", "content_type": 6, "codename": "delete_ordermenuitem"}}, {"model": "auth.permission", "pk": 24, "fields": {"name": "Can view товар в заказе", "content_type": 6, "codename": "view_ordermenuitem"}}, {"model": "auth.permission", "pk": 25, "fields": {"name": "Can add location", "content_type": 7, "codename": "add_location"}}, {"model": "auth.permission", "pk": 26, "fields": {"name": "Can change location", "content_type": 7, "codename": "change_location"}}, {"model": "auth.permission", "pk": 27, "fields": {"name": "Can delete location", "content_type": 7, "codename": "delete_location"}}, {"model": "auth.permission", "pk": 28, "fields": {"name": "Can view location", "content_type": 7, "codename": "view_location"}}, {"model": "auth.permission", "pk": 29, "fields": {"name": "Can add log entry", "content_type": 8, "codename": "add_logentry"}}, {"model": "auth.permission", "pk": 30, "fields": {"name": "Can change log entry", "content_type": 8, "codename": "change_logentry"}}, {"model": "auth.permission", "pk": 31, "fields": {"name": "Can delete log entry", "content_type": 8, "codename": "delete_logentry"}}, {"model": "auth.permission", "pk": 32, "fields": {"name": "Can view log entry", "content_type": 8, "codename": "view_logentry"}}, {"model": "auth.permission", "pk": 33, "fields": {"name": "Can add permission", "content_type": 9, "codename": "add_permission"}}, {"model": "auth.permission", "pk": 34, "fields": {"name": "Can change permission", "content_type": 9, "codename": "change_permission"}}, {"model": "auth.permission", "pk": 35, "fields": {"name": "Can delete permission", "content_type": 9, "codename": "delete_permission"}}, {"model": "auth.permission", "pk": 36, "fields": {"name": "Can view permission", "content_type": 9, "codename": "view_permission"}}, {"model": "auth.permission", "pk": 37, "fields": {"name": "Can add group", "content_type": 10, "codename": "add_group"}}, {"model": "auth.permission", "pk": 38, "fields": {"name": "Can change group", "content_type": 10, "codename": "change_group"}}, {"model": "auth.permission", "pk": 39, "fields": {"name": "Can delete group", "content_type": 10, "codename": "delete_group"}}, {"model": "auth.permission", "pk": 40, "fields": {"name": "Can view group", "content_type": 10, "codename": "view_group"}}, {"model": "auth.permission", "pk": 41, "fields": {"name": "Can add user", "content_type": 11, "codename": "add_user"}}, {"model": "auth.permission", "pk": 42, "fields": {"name": "Can change user", "content_type": 11, "codename": "change_user"}}, {"model": "auth.permission", "pk": 43, "fields": {"name": "Can delete user", "content_type": 11, "codename": "delete_user"}}, {"model": "auth.permission", "pk": 44, "fields": {"name": "Can view user", "content_type": 11, "codename": "view_user"}}, {"model": "auth.permission", "pk": 45, "fields": {"name": "Can add content type", "content_type": 12, "codename": "add_contenttype"}}, {"model": "auth.permission", "pk": 46, "fields": {"name": "Can change content type", "content_type": 12, "codename": "change_contenttype"}}, {"model": "auth.permission", "pk": 47, "fields": {"name": "Can delete content type", "content_type": 12, "codename": "delete_contenttype"}}, {"model": "auth.permission", "pk": 48, "fields": {"name": "Can view content type", "content_type": 12, "codename": "view_contenttype"}}, {"model": "auth.permission", "pk": 49, "fields": {"name": "Can add session", "content_type": 13, "codename": "add_session"}}, {"model": "auth.permission", "pk": 50, "fields": {"name": "Can change session", "content_type": 13, "codename": "change_session"}}, {"model": "auth.permission", "pk": 51, "fields": {"name": "Can delete session", "content_type": 13, "codename": "delete_session"}}, {"model": "auth.permission", "pk": 52, "fields": {"name": "Can view session", "content_type": 13, "codename": "view_session"}}, {"model": "auth.user", "pk": 1, "fields": {"password": "pbkdf2_sha256$260000$BJX8Ak3KhMArZVtzsG9w10$VrYh9KHeAXR3UM2s2kU0qfQv9X+wwO7/9Qh/NMTcn6U=", "last_login": "2022-08-24T16:34:25.133Z", "is_superuser": true, "username": "admin", "first_name": "", "last_name": "", "email": "admin@admin.ru", "is_staff": true, "is_active": true, "date_joined": "2022-07-01T10:25:52.168Z", "groups": [], "user_permissions": []}}, {"model": "contenttypes.contenttype", "pk": 1, "fields": {"app_label": "foodcartapp", "model": "product"}}, {"model": "contenttypes.contenttype", "pk": 2, "fields": {"app_label": "foodcartapp", "model": "restaurant"}}, {"model": "contenttypes.contenttype", "pk": 3, "fields": {"app_label": "foodcartapp", "model": "restaurantmenuitem"}}, {"model": "contenttypes.contenttype", "pk": 4, "fields": {"app_label": "foodcartapp", "model": "productcategory"}}, {"model": "contenttypes.contenttype", "pk": 5, "fields": {"app_label": "foodcartapp", "model": "order"}}, {"model": "contenttypes.contenttype", "pk": 6, "fields": {"app_label": "foodcartapp", "model": "ordermenuitem"}}, {"model": "contenttypes.contenttype", "pk": 7, "fields": {"app_label": "locations", "model": "location"}}, {"model": "contenttypes.contenttype", "pk": 8, "fields": {"app_label": "admin", "model": "logentry"}}, {"model": "contenttypes.contenttype", "pk": 9, "fields": {"app_label": "auth", "model": "permission"}}, {"model": "contenttypes.contenttype", "pk": 10, "fields": {"app_label": "auth", "model": "group"}}, {"model": "contenttypes.contenttype", "pk": 11, "fields": {"app_label": "auth", "model": "user"}}, {"model": "contenttypes.contenttype", "pk": 12, "fields": {"app_label": "contenttypes", "model": "contenttype"}}, {"model": "contenttypes.contenttype", "pk": 13, "fields": {"app_label": "sessions", "model": "session"}}]